{
    "name": "esp32-3248S035C",
    "connectivity": [
        "wifi",
        "bluetooth",
        "ethernet",
        "can"
    ],
    "frameworks": [
        "arduino",
        "espidf"
    ],
    "upload": {
        "flash_size": "4MB",
        "maximum_ram_size": 327680,
        "maximum_size": 4194304,
        "require_upload_port": true,
        "speed": 460800
    },
    "debug": {
        "openocd_board": "esp-wroom-32.cfg"
    },
    "build": {
        "partitions": "partitions/esp32-3248S035C.csv",
        "arduino": {
            "ldscript": "esp32_out.ld"
        },
        "core": "esp32",
        "extra_flags": [
            "'-D ARDUINO_ESP32_DEV'",
            "'-D ESP32_3248S035C'",
            "'-D DISPLAY_WIDTH=320'",
            "'-D DISPLAY_HEIGHT=480'",
            "'-D LVGL_BUFFER_PIXELS=(DISPLAY_WIDTH*DISPLAY_HEIGHT/16)'",
            "'-D LVGL_BUFFER_MALLOC_FLAGS=(MALLOC_CAP_INTERNAL|MALLOC_CAP_8BIT)'",
            "'-D GPIO_BCKL=27'",
            "'-D DISPLAY_ST7796_SPI'",
            "'-D ST7796_SPI_HOST=SPI2_HOST'",
            "'-D ST7796_SPI_DMA_CHANNEL=SPI_DMA_CH_AUTO'",
            "'-D ST7796_SPI_BUS_MOSI_IO_NUM=13'",
            "'-D ST7796_SPI_BUS_MISO_IO_NUM=12'",
            "'-D ST7796_SPI_BUS_SCLK_IO_NUM=14'",
            "'-D ST7796_SPI_BUS_QUADWP_IO_NUM=GPIO_NUM_NC'",
            "'-D ST7796_SPI_BUS_QUADHD_IO_NUM=GPIO_NUM_NC'",
            "'-D ST7796_SPI_BUS_MAX_TRANSFER_SZ=(LVGL_BUFFER_PIXELS*sizeof(lv_color16_t))'",
            "'-D ST7796_SPI_BUS_FLAGS=0'",
            "'-D ST7796_SPI_BUS_INTR_FLAGS=0'",
            "'-D ST7796_SPI_CONFIG_CS_GPIO_NUM=15'",
            "'-D ST7796_SPI_CONFIG_DC_GPIO_NUM=2'",
            "'-D ST7796_SPI_CONFIG_SPI_MODE=SPI_MODE0'",
            "'-D ST7796_SPI_CONFIG_PCLK_HZ=24000000'",
            "'-D ST7796_SPI_CONFIG_TRANS_QUEUE_DEPTH=10'",
            "'-D ST7796_SPI_CONFIG_LCD_CMD_BITS=8'",
            "'-D ST7796_SPI_CONFIG_LCD_PARAM_BITS=8'",
            "'-D ST7796_SPI_CONFIG_FLAGS_DC_AS_CMD_PHASE=false'",
            "'-D ST7796_SPI_CONFIG_FLAGS_DC_LOW_ON_DATA=false'",
            "'-D ST7796_SPI_CONFIG_FLAGS_OCTAL_MODE=false'",
            "'-D ST7796_SPI_CONFIG_FLAGS_LSB_FIRST=false'",
            "'-D ST7796_DEV_CONFIG_RESET_GPIO_NUM=GPIO_NUM_NC'",
            "'-D ST7796_DEV_CONFIG_COLOR_SPACE=ESP_LCD_COLOR_SPACE_BGR'",
            "'-D ST7796_DEV_CONFIG_BITS_PER_PIXEL=16'",
            "'-D ST7796_DEV_CONFIG_FLAGS_RESET_ACTIVE_HIGH=false'",
            "'-D ST7796_DEV_CONFIG_VENDOR_CONFIG=NULL'",
            "'-D DISPLAY_SWAP_XY=false'",
            "'-D DISPLAY_MIRROR_X=true'",
            "'-D DISPLAY_MIRROR_Y=false'",
            "'-D BOARD_HAS_TOUCH'",
            "'-D CONFIG_ESP_LCD_TOUCH_MAX_POINTS=1'",
            "'-D CONFIG_ESP_LCD_TOUCH_MAX_BUTTONS=0'",
            "'-D TOUCH_GT911_I2C'",
            "'-D GT911_I2C_HOST=I2C_NUM_0'",
            "'-D GT911_I2C_CONFIG_SDA_IO_NUM=33'",
            "'-D GT911_I2C_CONFIG_SCL_IO_NUM=32'",
            "'-D GT911_I2C_CONFIG_SDA_PULLUP_EN=GPIO_PULLUP_DISABLE'",
            "'-D GT911_I2C_CONFIG_SCL_PULLUP_EN=GPIO_PULLUP_DISABLE'",
            "'-D GT911_I2C_CONFIG_MASTER_CLK_SPEED=400000'",
            "'-D GT911_I2C_CONFIG_CLK_FLAGS=I2C_SCLK_SRC_FLAG_FOR_NOMAL'",
            "'-D GT911_IO_I2C_CONFIG_DEV_ADDR=GT911_IO_I2C_CONFIG_DEV_ADDRESS_5D'",
            "'-D GT911_IO_I2C_CONFIG_CONTROL_PHASE_BYTES=1'",
            "'-D GT911_IO_I2C_CONFIG_DC_BIT_OFFSET=0'",
            "'-D GT911_IO_I2C_CONFIG_LCD_CMD_BITS=16'",
            "'-D GT911_IO_I2C_CONFIG_LCD_PARAM_BITS=0'",
            "'-D GT911_IO_I2C_CONFIG_FLAGS_DC_LOW_ON_DATA=false'",
            "'-D GT911_IO_I2C_CONFIG_FLAGS_DISABLE_CONTROL_PHASE=true'",
            "'-D GT911_TOUCH_CONFIG_X_MAX=DISPLAY_WIDTH'",
            "'-D GT911_TOUCH_CONFIG_Y_MAX=DISPLAY_HEIGHT'",
            "'-D GT911_TOUCH_CONFIG_RST_GPIO_NUM=25'",
            "'-D GT911_TOUCH_CONFIG_INT_GPIO_NUM=21'",
            "'-D GT911_TOUCH_CONFIG_LEVELS_RESET=0'",
            "'-D GT911_TOUCH_CONFIG_LEVELS_INTERRUPT=0'",
            "'-D TOUCH_SWAP_XY=false'",
            "'-D TOUCH_MIRROR_X=false'",
            "'-D TOUCH_MIRROR_Y=false'",
            "'-D BOARD_HAS_TF'",
            "'-D TF_CS=5'",
            "'-D TF_SPI_MOSI=23'",
            "'-D TF_SPI_SCLK=18'",
            "'-D TF_SPI_MISO=19'",
            "'-D BOARD_HAS_RGB_LED'",
            "'-D RGB_LED_R=4'",
            "'-D RGB_LED_G=16'",
            "'-D RGB_LED_B=17'",
            "'-D BOARD_HAS_CDS'",
            "'-D CDS=34'",
            "'-D BOARD_HAS_SPEAK'",
            "'-D SPEAK=26'"
        ],
        "f_cpu": "240000000L",
        "f_flash": "40000000L",
        "flash_mode": "dio",
        "mcu": "esp32",
        "variant": "esp32",
        "hwids": [
            [
                "0x1A86",
                "0x7523"
            ]
        ]
    },
    "url": "https://www.aliexpress.com/item/1005004632953455.html",
    "vendor": "Sunton"
}