{
  "build": {
    "arduino": {
      "ldscript": "esp32s3_out.ld",
      "partitions": "default_16MB.csv",
      "memory_type": "qio_opi"
    },
    "core": "esp32",
    "extra_flags": [
      "'-D ARDUINO_ESP32S3_DEV'",
      "'-D BOARD_HAS_PSRAM'",
      "'-D ARDUINO_USB_MODE=1'",
      "'-D ARDUINO_RUNNING_CORE=1'",
      "'-D ARDUINO_EVENT_RUNNING_CORE=1'",
      "'-D ARDUINO_USB_CDC_ON_BOOT=0'",
      "'-D ESP32_8048S043C'",
      "'-D DISPLAY_WIDTH=800'",
      "'-D DISPLAY_HEIGHT=480'",
      "'-D LVGL_BUFFER_PIXELS=(DISPLAY_WIDTH*DISPLAY_HEIGHT)'",
      "'-D LVGL_BUFFER_MALLOC_FLAGS=(MALLOC_CAP_SPIRAM|MALLOC_CAP_8BIT)'",
      "'-D GPIO_BCKL=2'",
      "'-D DISPLAY_ST7262_PAR'",
      "'-D ST7262_PANEL_CONFIG_CLK_SRC=LCD_CLK_SRC_PLL160M'",
      "'-D ST7262_PANEL_CONFIG_TIMINGS_PCLK_HZ=(12.5*1000000)'",
      "'-D ST7262_PANEL_CONFIG_TIMINGS_H_RES=DISPLAY_WIDTH'",
      "'-D ST7262_PANEL_CONFIG_TIMINGS_V_RES=DISPLAY_HEIGHT'",
      "'-D ST7262_PANEL_CONFIG_TIMINGS_HSYNC_PULSE_WIDTH=4'",
      "'-D ST7262_PANEL_CONFIG_TIMINGS_HSYNC_BACK_PORCH=8'",
      "'-D ST7262_PANEL_CONFIG_TIMINGS_HSYNC_FRONT_PORCH=8'",
      "'-D ST7262_PANEL_CONFIG_TIMINGS_VSYNC_PULSE_WIDTH=4'",
      "'-D ST7262_PANEL_CONFIG_TIMINGS_VSYNC_BACK_PORCH=8'",
      "'-D ST7262_PANEL_CONFIG_TIMINGS_VSYNC_FRONT_PORCH=8'",
      "'-D ST7262_PANEL_CONFIG_TIMINGS_FLAGS_HSYNC_IDLE_LOW=false'",
      "'-D ST7262_PANEL_CONFIG_TIMINGS_FLAGS_VSYNC_IDLE_LOW=false'",
      "'-D ST7262_PANEL_CONFIG_TIMINGS_FLAGS_DE_IDLE_HIGH=false'",
      "'-D ST7262_PANEL_CONFIG_TIMINGS_FLAGS_PCLK_ACTIVE_NEG=true'",
      "'-D ST7262_PANEL_CONFIG_TIMINGS_FLAGS_PCLK_IDLE_HIGH=false'",
      "'-D ST7262_PANEL_CONFIG_DATA_WIDTH=16'",
      "'-D ST7262_PANEL_CONFIG_SRAM_TRANS_ALIGN=4'",
      "'-D ST7262_PANEL_CONFIG_PSRAM_TRANS_ALIGN=64'",
      "'-D ST7262_PANEL_CONFIG_HSYNC_GPIO_NUM=39'",
      "'-D ST7262_PANEL_CONFIG_VSYNC_GPIO_NUM=41'",
      "'-D ST7262_PANEL_CONFIG_DE_GPIO_NUM=40'",
      "'-D ST7262_PANEL_CONFIG_PCLK_GPIO_NUM=42'",
      "'-D ST7262_PANEL_CONFIG_DATA_GPIO_R0=8'",
      "'-D ST7262_PANEL_CONFIG_DATA_GPIO_R1=3'",
      "'-D ST7262_PANEL_CONFIG_DATA_GPIO_R2=46'",
      "'-D ST7262_PANEL_CONFIG_DATA_GPIO_R3=9'",
      "'-D ST7262_PANEL_CONFIG_DATA_GPIO_R4=1'",
      "'-D ST7262_PANEL_CONFIG_DATA_GPIO_G0=5'",
      "'-D ST7262_PANEL_CONFIG_DATA_GPIO_G1=6'",
      "'-D ST7262_PANEL_CONFIG_DATA_GPIO_G2=7'",
      "'-D ST7262_PANEL_CONFIG_DATA_GPIO_G3=15'",
      "'-D ST7262_PANEL_CONFIG_DATA_GPIO_G4=16'",
      "'-D ST7262_PANEL_CONFIG_DATA_GPIO_G5=4'",
      "'-D ST7262_PANEL_CONFIG_DATA_GPIO_B0=45'",
      "'-D ST7262_PANEL_CONFIG_DATA_GPIO_B1=48'",
      "'-D ST7262_PANEL_CONFIG_DATA_GPIO_B2=47'",
      "'-D ST7262_PANEL_CONFIG_DATA_GPIO_B3=21'",
      "'-D ST7262_PANEL_CONFIG_DATA_GPIO_B4=14'",
      "'-D ST7262_PANEL_CONFIG_DISP_GPIO_NUM=GPIO_NUM_NC'",
      "'-D ST7262_PANEL_CONFIG_FLAGS_DISP_ACTIVE_LOW=false'",
      "'-D ST7262_PANEL_CONFIG_FLAGS_RELAX_ON_IDLE=false'",
      "'-D ST7262_PANEL_CONFIG_FLAGS_FB_IN_PSRAM=true'",
      "'-D DISPLAY_SWAP_XY=false'",
      "'-D DISPLAY_MIRROR_X=false'",
      "'-D DISPLAY_MIRROR_Y=false'",
      "'-D BOARD_HAS_TOUCH'",
      "'-D CONFIG_ESP_LCD_TOUCH_MAX_POINTS=1'",
      "'-D CONFIG_ESP_LCD_TOUCH_MAX_BUTTONS=0'",
      "'-D TOUCH_GT911_I2C'",
      "'-D GT911_I2C_HOST=I2C_NUM_0'",
      "'-D GT911_I2C_CONFIG_SDA_IO_NUM=19'",
      "'-D GT911_I2C_CONFIG_SCL_IO_NUM=20'",
      "'-D GT911_I2C_CONFIG_SDA_PULLUP_EN=GPIO_PULLUP_DISABLE'",
      "'-D GT911_I2C_CONFIG_SCL_PULLUP_EN=GPIO_PULLUP_DISABLE'",
      "'-D GT911_I2C_CONFIG_MASTER_CLK_SPEED=400000'",
      "'-D GT911_I2C_CONFIG_CLK_FLAGS=I2C_SCLK_SRC_FLAG_FOR_NOMAL'",
      "'-D GT911_IO_I2C_CONFIG_DEV_ADDR=0x5A'",
      "'-D GT911_IO_I2C_CONFIG_CONTROL_PHASE_BYTES=1'",
      "'-D GT911_IO_I2C_CONFIG_DC_BIT_OFFSET=0'",
      "'-D GT911_IO_I2C_CONFIG_LCD_CMD_BITS=16'",
      "'-D GT911_IO_I2C_CONFIG_LCD_PARAM_BITS=0'",
      "'-D GT911_IO_I2C_CONFIG_FLAGS_DC_LOW_ON_DATA=false'",
      "'-D GT911_IO_I2C_CONFIG_FLAGS_DISABLE_CONTROL_PHASE=true'",
      "'-D GT911_TOUCH_CONFIG_X_MAX=DISPLAY_WIDTH'",
      "'-D GT911_TOUCH_CONFIG_Y_MAX=DISPLAY_HEIGHT'",
      "'-D GT911_TOUCH_CONFIG_RST_GPIO_NUM=38'",
      "'-D GT911_TOUCH_CONFIG_INT_GPIO_NUM=18'",
      "'-D GT911_TOUCH_CONFIG_LEVELS_RESET=0'",
      "'-D GT911_TOUCH_CONFIG_LEVELS_INTERRUPT=0'",
      "'-D TOUCH_SWAP_XY=false'",
      "'-D TOUCH_MIRROR_X=false'",
      "'-D TOUCH_MIRROR_Y=false'",
      "'-D BOARD_HAS_TF'",
      "'-D TF_CS=10'",
      "'-D TF_SPI_MOSI=11'",
      "'-D TF_SPI_SCLK=12'",
      "'-D TF_SPI_MISO=13'"
    ],
    "f_cpu": "240000000L",
    "f_flash": "80000000L",
    "flash_mode": "qio",
    "hwids": [
      [
        "0x303A",
        "0x1001"
      ]
    ],
    "mcu": "esp32s3",
    "variant": "esp32s3"
  },
  "connectivity": [
    "wifi"
  ],
  "debug": {
    "openocd_target": "esp32s3.cfg"
  },
  "frameworks": [
    "arduino",
    "espidf"
  ],
  "name": "esp32-8048S043C",
  "upload": {
    "flash_size": "16MB",
    "maximum_ram_size": 327680,
    "maximum_size": 16777216,
    "use_1200bps_touch": true,
    "wait_for_upload_port": true,
    "require_upload_port": true,
    "speed": 460800
  },
  "url": "https://www.aliexpress.com/item/1005006110360174.html",
  "vendor": "Sunton"
}